Layer,Title,URL,External Link Status
Layer 1: Homepage,"Appliance Repair Service Las Vegas, NV",/,Pending
Layer 2: Category,"Refrigerator & Freezer Repair Services in Las Vegas, NV",/refrigerator-freezer-repair,Pending
Layer 3: Service,"Expert Refrigerator Repair Las Vegas",/refrigerator-freezer-repair/refrigerator-repair,Pending
Layer 3: Service,"Professional Freezer Repair Las Vegas",/refrigerator-freezer-repair/freezer-repair,Pending
Layer 3: Service,"Ice Maker Repair Services Las Vegas",/refrigerator-freezer-repair/ice-maker-repair,Pending
Layer 3: Service,"Commercial Refrigerator Repair Las Vegas",/refrigerator-freezer-repair/commercial-refrigerator-repair,Pending
Layer 3: Service,"Wine Cooler Repair Las Vegas Experts",/refrigerator-freezer-repair/wine-cooler-repair,Pending
Layer 3: Service,"Sub-Zero Refrigerator Repair Las Vegas",/refrigerator-freezer-repair/sub-zero-refrigerator-repair,Pending
Layer 3: Service,"LG Refrigerator Repair Las Vegas",/refrigerator-freezer-repair/lg-refrigerator-repair,Pending
Layer 3: Service,"Samsung Refrigerator Repair Las Vegas",/refrigerator-freezer-repair/samsung-refrigerator-repair,Pending
Layer 3: Service,"GE Refrigerator Repair Las Vegas",/refrigerator-freezer-repair/ge-refrigerator-repair,Pending
Layer 3: Service,"Whirlpool Refrigerator Repair Las Vegas",/refrigerator-freezer-repair/whirlpool-refrigerator-repair,Pending
Layer 3: Service,"Built-in Refrigerator Repair Las Vegas",/refrigerator-freezer-repair/built-in-refrigerator-repair,Pending
Layer 3: Service,"Mini Fridge Repair Las Vegas",/refrigerator-freezer-repair/mini-fridge-repair,Pending
Layer 3: Service,"Chest Freezer Repair Las Vegas",/refrigerator-freezer-repair/chest-freezer-repair,Pending
Layer 3: Service,"Under-Counter Refrigerator Repair Las Vegas",/refrigerator-freezer-repair/under-counter-refrigerator-repair,Pending
Layer 3: Service,"Compact Refrigerator Repair Las Vegas",/refrigerator-freezer-repair/compact-refrigerator-repair,Pending
Layer 3: Service,"Refrigerator Not Cooling Repair Las Vegas",/refrigerator-freezer-repair/not-cooling-repair,Pending
Layer 3: Service,"Refrigerator Leak Repair Las Vegas",/refrigerator-freezer-repair/leak-repair,Pending
Layer 3: Service,"Refrigerator Compressor Replacement Las Vegas",/refrigerator-freezer-repair/compressor-replacement,Pending
Layer 3: Service,"Refrigerator Defrost System Repair Las Vegas",/refrigerator-freezer-repair/defrost-system-repair,Pending
Layer 3: Service,"Refrigerator Water Dispenser Repair Las Vegas",/refrigerator-freezer-repair/water-dispenser-repair,Pending
Layer 3: Service,"Refrigerator Control Board Repair Las Vegas",/refrigerator-freezer-repair/control-board-repair,Pending
Layer 3: Service,"Refrigerator Gasket Replacement Las Vegas",/refrigerator-freezer-repair/gasket-replacement,Pending
Layer 2: Category,"Washing Machine & Dryer Repair Services in Las Vegas, NV",/laundry-appliance-repair,Pending
Layer 3: Service,"Professional Washing Machine Repair Las Vegas",/laundry-appliance-repair/washing-machine-repair,Pending
Layer 3: Service,"Expert Dryer Repair Las Vegas",/laundry-appliance-repair/dryer-repair,Pending
Layer 3: Service,"Front Load Washer Repair Las Vegas",/laundry-appliance-repair/front-load-washer-repair,Pending
Layer 3: Service,"Top Load Washer Repair Las Vegas",/laundry-appliance-repair/top-load-washer-repair,Pending
Layer 3: Service,"Stackable Washer and Dryer Repair Las Vegas",/laundry-appliance-repair/stackable-washer-dryer-repair,Pending
Layer 3: Service,"High-Efficiency Washer Repair Las Vegas",/laundry-appliance-repair/high-efficiency-washer-repair,Pending
Layer 3: Service,"Washer and Dryer Installation Las Vegas",/laundry-appliance-repair/washer-dryer-installation,Pending
Layer 3: Service,"Washing Machine Pump Replacement Las Vegas",/laundry-appliance-repair/washer-pump-replacement,Pending
Layer 3: Service,"Dryer Heating Element Replacement Las Vegas",/laundry-appliance-repair/dryer-heating-element-replacement,Pending
Layer 3: Service,"Dryer Drum Belt Replacement Las Vegas",/laundry-appliance-repair/dryer-drum-belt-replacement,Pending
Layer 2: Category,"Kitchen Cooking & Cleaning Appliance Repair in Las Vegas, NV",/kitchen-appliance-repair,Pending
Layer 3: Service,"Dishwasher Repair Las Vegas Experts",/kitchen-appliance-repair/dishwasher-repair,Pending
Layer 3: Service,"Oven Repair Services Las Vegas",/kitchen-appliance-repair/oven-repair,Pending
Layer 3: Service,"Stove Repair Las Vegas",/kitchen-appliance-repair/stove-repair,Pending
Layer 3: Service,"Range Repair Las Vegas",/kitchen-appliance-repair/range-repair,Pending
Layer 3: Service,"Cooktop Repair Las Vegas",/kitchen-appliance-repair/cooktop-repair,Pending
Layer 3: Service,"Microwave Repair Las Vegas",/kitchen-appliance-repair/microwave-repair,Pending
Layer 3: Service,"Garbage Disposal Repair Las Vegas",/kitchen-appliance-repair/garbage-disposal-repair,Pending
Layer 3: Service,"Vent Hood Repair Las Vegas",/kitchen-appliance-repair/vent-hood-repair,Pending
Layer 3: Service,"Built-in Oven Repair Las Vegas",/kitchen-appliance-repair/built-in-oven-repair,Pending
Layer 3: Service,"Double Oven Repair Las Vegas",/kitchen-appliance-repair/double-oven-repair,Pending
Layer 3: Service,"Convection Oven Repair Las Vegas",/kitchen-appliance-repair/convection-oven-repair,Pending
Layer 3: Service,"Wall Oven Repair Las Vegas",/kitchen-appliance-repair/wall-oven-repair,Pending
Layer 3: Service,"Gas Range Repair Las Vegas",/kitchen-appliance-repair/gas-range-repair,Pending
Layer 3: Service,"Induction Cooktop Repair Las Vegas",/kitchen-appliance-repair/induction-cooktop-repair,Pending
Layer 3: Service,"Portable Dishwasher Repair Las Vegas",/kitchen-appliance-repair/portable-dishwasher-repair,Pending
Layer 3: Service,"Trash Compactor Repair Las Vegas",/kitchen-appliance-repair/trash-compactor-repair,Pending
Layer 2: Category,"General Appliance Services & Parts in Las Vegas, NV",/general-appliance-services,Pending
Layer 3: Service,"Professional Appliance Installation Las Vegas",/general-appliance-services/appliance-installation,Pending
Layer 3: Service,"Appliance Maintenance Services Las Vegas",/general-appliance-services/appliance-maintenance,Pending
Layer 3: Service,"Same-Day Appliance Repair Las Vegas",/general-appliance-services/same-day-appliance-repair,Pending
Layer 3: Service,"Emergency Appliance Repair Las Vegas",/general-appliance-services/emergency-appliance-repair,Pending
Layer 3: Service,"Commercial Appliance Repair Las Vegas",/general-appliance-services/commercial-appliance-repair,Pending
Layer 3: Service,"Smart Appliance Repair Las Vegas",/general-appliance-services/smart-appliance-repair,Pending
Layer 3: Service,"Home Appliance Diagnostics Las Vegas",/general-appliance-services/home-appliance-diagnostics,Pending
Layer 3: Service,"Appliance Parts Replacement Las Vegas",/general-appliance-services/appliance-parts-replacement,Pending
Layer 3: Service,"Water Heater Repair Las Vegas",/general-appliance-services/water-heater-repair,Pending
Layer 3: Service,"Small Appliance Repair Las Vegas",/general-appliance-services/small-appliance-repair,Pending
Layer 3: Service,"Gas Appliance Repair Las Vegas",/general-appliance-services/gas-appliance-repair,Pending
Layer 3: Service,"Electric Appliance Repair Las Vegas",/general-appliance-services/electric-appliance-repair,Pending
Layer 3: Service,"Licensed Appliance Technician Las Vegas",/general-appliance-services/licensed-appliance-technician,Pending
Layer 3: Service,"Certified Appliance Repair Las Vegas",/general-appliance-services/certified-appliance-repair,Pending
Layer 3: Service,"Appliance Troubleshooting Las Vegas",/general-appliance-services/appliance-troubleshooting,Pending
Layer 3: Service,"Major Appliance Repair Las Vegas",/general-appliance-services/major-appliance-repair,Pending
Layer 3: Service,"Ice Machine Repair Las Vegas",/general-appliance-services/ice-machine-repair,Pending